id,bathymetry_av,bathymetry_std,bathymetry_min,bathymetry_max,bathymetry_count
corsica,-487.91131591796875,1102.0511474609375,-2713.0,2310.0,10285.0
galapagos,-1371.644775390625,1169.5010986328125,-3860.0,1581.0,24150.0
samoa,-1671.296875,1649.7510986328125,-4843.0,1772.0,4753.0
